INSERT INTO genre
VALUES
(1, 'Поп музыка'),
(2, 'Рок'),
(3, 'R&B'),
(4, 'Ретро'),
(5, 'Хип-хоп'),
(6, 'Романтика');

INSERT INTO artist (artist_name)
VALUES
('Michel Jackson'),
('IOWA'),
('Ленинград'),
('Звери'),
('Queen'),
('Баста'),
('Мот'),
('Гуф'),
('Lucky Daye'),
('Victoria Monet'),
('Justin Bieber'),
('SZA'),
('Руки вверх'),
('Гости из будущего'),
('Король и Шут'),
('Монеточка'),
('Дима Билан'),
('Rihanna'),
('Taylor Swift'),
('Mariah Carey');


INSERT INTO artist_genre (artist_id, genre_id)
VALUES
(1, 1), (2, 1), (3, 2), (4, 2), (5, 2), (6, 5), (7, 5), (8, 5), (9, 3), (10, 3), (11, 3), (12, 3), (13, 4), (14, 4), (15, 4), (16, 1), (17, 1), (18, 6), (19, 6), (20, 6);


INSERT INTO album
VALUES 
(1, 'Dangerous', 1991),
(2, 'Import', 2016),
(3, 'Вечерний Ленинград', 2012),
(4, 'Голод', 2003),
(5, 'Innuendo', 1991),
(6, 'Баста 5, Часть 2', 2016),
(7, 'Добрая музыка клавиш', 2017),
(8, 'Еще', 2015),
(9, 'Painted', 2020),
(10, 'Jaguar', 2020),
(11, 'Believe', 2012),
(12, 'Ctrl', 2017),
(13, 'Не бойся, я с тобой', 2001),
(14, 'Ева', 2002),
(15, 'Продавец кошмаров', 2006),
(16, 'Раскраски для взрослых', 2018),
(17, 'Мечтатель', 2018),
(18, 'Anti', 2016),
(19, 'Lover', 2019),
(20, 'Caution', 2019);

INSERT INTO song 
VALUES
(1, 'Give in to me', 5.30, 1),
(2, 'Black or White', 4.16, 1),
(3, 'Мои стихи, твоя гитара', 3.14, 2),
(4, 'WWW', 2.28, 3),
(5, 'Дожди-пистолеты', 3.41, 4),
(6, 'Просто такая сильная любовь', 3.23, 4),
(7, 'The show must go on', 4.36, 5),
(8, 'Выпускной (Медлячок)', 5.35, 6),
(9, 'Когда исчезнет слово', 2.57, 7),
(10, 'Выдох-вдох', 2.48, 8),
(11, 'Маугли', 3.12, 8),
(12, 'Roll some mo', 4.53, 9),
(13, 'Late night', 3.59, 9),
(14, 'Experience', 2.57, 10),
(15, 'Boyfriend', 2.51, 11),
(16, 'As long as you love me', 3.50, 11),
(17, 'The weekend', 4.32, 12),
(18, 'love galore', 4.35, 12),
(19, '18 мне уже', 4.07, 13),
(20, 'Он не я', 4.15, 13),
(21, 'Думала', 4.17, 13),
(22, 'Люби меня по-французски', 4.02, 14),
(23, 'Он чужой', 3.39, 14),
(24, 'Метко', 4.21, 14),
(25, 'Марионетки', 3.36, 15),
(26, 'Дайте людям рому!', 2.41, 15),
(27, 'Хозяин таверны', 2.58, 15),
(28, 'Каждый раз', 3.28, 16),
(29, 'Get outta my way', 3.38, 17),
(30, 'Love on the brain', 3.44, 18),
(31, 'Lover', 3.42, 19),
(32, 'We belong together', 7.19, 20),
(33, 'A no no', 3.08, 20),
(34, 'Touch my body', 3.24, 20);


INSERT INTO artist_album (artist_id, album_id) 
VALUES
(1, 1), (2, 2), (3, 3), (4, 4), (5, 5), (6, 6), (7, 7), (8, 8), (9, 9), (10, 10), (11, 11), (12, 12), (13, 13), (14, 14), (15, 15), (16, 16), (17, 17), (18, 18), (19, 19), (20, 20);

INSERT INTO digest 
VALUES
(1, 'The indispensable collection', 2013),
(2, 'Топ 2010-х на русском: главное', 2010),
(3, 'Ленинград: лучшее', 2014),
(4, 'Полицейский с Рублевки (Музыка к сериалу)', 2016),
(5, 'Акустика (Live)', 2009),
(6, 'Мы любим Руки вверх! (Живая запись)', 2016),
(7, 'Best', 2001),
(8, 'Так и живьём. Дорожный альбом', 2019),
(9, 'The platinum collection', 2000),
(10, 'Вторая жизнь', 2020),
(11, 'Звери на карантине', 2020),
(12, 'Mickael Jackson: лучшее', 2022),
(13, 'Избранные треки', 2020);

INSERT INTO digest_song  (digest_id , song_id)
VALUES
(1, 1), (2, 3), (3, 4), (4, 5), (5, 6), (6, 19), (7, 22), (8, 8), (9, 7), (10, 29), (11, 6), (12, 2), (13, 30), (13, 31), (13, 32);
